[{"timestamp":1744221600000,"temperature_celsius":13.6,"temperature_fahrenheit":56.48,"humidity":57.0,"wind_speed":3.78,"weather_impact":62.568},{"timestamp":1744232400000,"temperature_celsius":11.8,"temperature_fahrenheit":53.24,"humidity":60.0,"wind_speed":2.96,"weather_impact":54.169},{"timestamp":1744243200000,"temperature_celsius":7.81,"temperature_fahrenheit":55.079,"humidity":63.128,"wind_speed":2.75,"weather_impact":45.038},{"timestamp":1744254000000,"temperature_celsius":3.32,"temperature_fahrenheit":37.976,"humidity":82.0,"wind_speed":2.1,"weather_impact":38.888},{"timestamp":1744264800000,"temperature_celsius":2.88,"temperature_fahrenheit":37.184,"humidity":84.0,"wind_speed":1.55,"weather_impact":35.0},{"timestamp":1744275600000,"temperature_celsius":10.34,"temperature_fahrenheit":50.612,"humidity":64.0,"wind_speed":2.42,"weather_impact":48.931},{"timestamp":1744286400000,"temperature_celsius":11.75,"temperature_fahrenheit":53.15,"humidity":63.128,"wind_speed":2.082,"weather_impact":49.42},{"timestamp":1744286400000,"temperature_celsius":15.36,"temperature_fahrenheit":59.648,"humidity":47.0,"wind_speed":2.29,"weather_impact":51.762},{"timestamp":1744286400000,"temperature_celsius":11.75,"temperature_fahrenheit":53.15,"humidity":63.128,"wind_speed":2.082,"weather_impact":49.42},{"timestamp":1744286400000,"temperature_celsius":11.75,"temperature_fahrenheit":53.15,"humidity":64.0,"wind_speed":1.84,"weather_impact":48.149},{"timestamp":1744297200000,"temperature_celsius":17.32,"temperature_fahrenheit":63.176,"humidity":42.0,"wind_speed":2.24,"weather_impact":53.617},{"timestamp":1744297200000,"temperature_celsius":12.88,"temperature_fahrenheit":55.184,"humidity":59.0,"wind_speed":2.03,"weather_impact":49.765},{"timestamp":1744297200000,"temperature_celsius":12.88,"temperature_fahrenheit":55.184,"humidity":63.128,"wind_speed":2.082,"weather_impact":51.999},{"timestamp":1744297200000,"temperature_celsius":12.88,"temperature_fahrenheit":55.184,"humidity":63.128,"wind_speed":2.082,"weather_impact":51.999},{"timestamp":1744308000000,"temperature_celsius":13.24,"temperature_fahrenheit":55.832,"humidity":56.0,"wind_speed":1.63,"weather_impact":46.464},{"timestamp":1744308000000,"temperature_celsius":13.24,"temperature_fahrenheit":55.832,"humidity":63.128,"wind_speed":2.082,"weather_impact":52.82},{"timestamp":1744308000000,"temperature_celsius":15.75,"temperature_fahrenheit":60.35,"humidity":50.0,"wind_speed":1.79,"weather_impact":50.567},{"timestamp":1744308000000,"temperature_celsius":13.24,"temperature_fahrenheit":55.832,"humidity":63.128,"wind_speed":2.082,"weather_impact":52.82},{"timestamp":1744318800000,"temperature_celsius":12.43,"temperature_fahrenheit":55.079,"humidity":67.0,"wind_speed":0.96,"weather_impact":44.995},{"timestamp":1744318800000,"temperature_celsius":11.06,"temperature_fahrenheit":51.908,"humidity":63.128,"wind_speed":2.082,"weather_impact":47.846},{"timestamp":1744318800000,"temperature_celsius":11.06,"temperature_fahrenheit":51.908,"humidity":63.128,"wind_speed":2.082,"weather_impact":47.846},{"timestamp":1744318800000,"temperature_celsius":11.06,"temperature_fahrenheit":51.908,"humidity":70.0,"wind_speed":0.92,"weather_impact":42.957},{"timestamp":1744329600000,"temperature_celsius":7.68,"temperature_fahrenheit":45.824,"humidity":63.128,"wind_speed":2.082,"weather_impact":40.134},{"timestamp":1744329600000,"temperature_celsius":7.68,"temperature_fahrenheit":45.824,"humidity":79.0,"wind_speed":1.44,"weather_impact":42.921},{"timestamp":1744329600000,"temperature_celsius":7.68,"temperature_fahrenheit":45.824,"humidity":63.128,"wind_speed":2.082,"weather_impact":40.134},{"timestamp":1744329600000,"temperature_celsius":10.74,"temperature_fahrenheit":51.332,"humidity":74.0,"wind_speed":1.2,"weather_impact":45.976},{"timestamp":1744340400000,"temperature_celsius":9.5,"temperature_fahrenheit":49.1,"humidity":63.128,"wind_speed":2.082,"weather_impact":44.286},{"timestamp":1744340400000,"temperature_celsius":9.57,"temperature_fahrenheit":49.226,"humidity":81.0,"wind_speed":1.43,"weather_impact":48.074},{"timestamp":1744340400000,"temperature_celsius":9.5,"temperature_fahrenheit":49.1,"humidity":83.0,"wind_speed":1.46,"weather_impact":49.03},{"timestamp":1744340400000,"temperature_celsius":9.5,"temperature_fahrenheit":49.1,"humidity":63.128,"wind_speed":2.082,"weather_impact":44.286},{"timestamp":1744351200000,"temperature_celsius":8.98,"temperature_fahrenheit":48.164,"humidity":63.128,"wind_speed":2.082,"weather_impact":43.1},{"timestamp":1744351200000,"temperature_celsius":8.9,"temperature_fahrenheit":48.02,"humidity":78.0,"wind_speed":1.48,"weather_impact":45.526},{"timestamp":1744351200000,"temperature_celsius":8.98,"temperature_fahrenheit":48.164,"humidity":63.128,"wind_speed":2.082,"weather_impact":43.1},{"timestamp":1744351200000,"temperature_celsius":8.98,"temperature_fahrenheit":48.164,"humidity":82.0,"wind_speed":1.59,"weather_impact":48.286},{"timestamp":1744362000000,"temperature_celsius":13.78,"temperature_fahrenheit":56.804,"humidity":63.128,"wind_speed":2.082,"weather_impact":54.053},{"timestamp":1744362000000,"temperature_celsius":13.78,"temperature_fahrenheit":56.804,"humidity":63.128,"wind_speed":2.082,"weather_impact":54.053},{"timestamp":1744362000000,"temperature_celsius":13.78,"temperature_fahrenheit":56.804,"humidity":47.0,"wind_speed":2.13,"weather_impact":47.053},{"timestamp":1744362000000,"temperature_celsius":13.68,"temperature_fahrenheit":56.624,"humidity":53.0,"wind_speed":1.98,"weather_impact":48.518},{"timestamp":1744372800000,"temperature_celsius":18.43,"temperature_fahrenheit":65.174,"humidity":63.128,"wind_speed":2.082,"weather_impact":64.663},{"timestamp":1744372800000,"temperature_celsius":18.43,"temperature_fahrenheit":65.174,"humidity":35.0,"wind_speed":1.67,"weather_impact":49.037},{"timestamp":1744372800000,"temperature_celsius":18.43,"temperature_fahrenheit":65.174,"humidity":63.128,"wind_speed":2.082,"weather_impact":64.663},{"timestamp":1744372800000,"temperature_celsius":18.44,"temperature_fahrenheit":65.192,"humidity":39.0,"wind_speed":1.33,"weather_impact":48.533},{"timestamp":1744383600000,"temperature_celsius":20.41,"temperature_fahrenheit":68.738,"humidity":29.0,"wind_speed":1.02,"weather_impact":46.345},{"timestamp":1744383600000,"temperature_celsius":20.41,"temperature_fahrenheit":68.738,"humidity":63.128,"wind_speed":2.082,"weather_impact":69.181},{"timestamp":1744383600000,"temperature_celsius":20.41,"temperature_fahrenheit":68.738,"humidity":63.128,"wind_speed":2.082,"weather_impact":69.181},{"timestamp":1744383600000,"temperature_celsius":20.3,"temperature_fahrenheit":68.54,"humidity":34.0,"wind_speed":1.58,"weather_impact":52.229},{"timestamp":1744394400000,"temperature_celsius":18.37,"temperature_fahrenheit":65.066,"humidity":36.0,"wind_speed":2.42,"weather_impact":54.527},{"timestamp":1744394400000,"temperature_celsius":18.56,"temperature_fahrenheit":65.408,"humidity":44.0,"wind_speed":2.36,"weather_impact":58.183},{"timestamp":1744394400000,"temperature_celsius":18.37,"temperature_fahrenheit":65.066,"humidity":63.128,"wind_speed":2.082,"weather_impact":64.526},{"timestamp":1744394400000,"temperature_celsius":18.37,"temperature_fahrenheit":65.066,"humidity":63.128,"wind_speed":2.082,"weather_impact":64.526},{"timestamp":1744405200000,"temperature_celsius":13.75,"temperature_fahrenheit":56.75,"humidity":63.128,"wind_speed":2.082,"weather_impact":53.984},{"timestamp":1744405200000,"temperature_celsius":13.75,"temperature_fahrenheit":56.75,"humidity":63.128,"wind_speed":2.082,"weather_impact":53.984},{"timestamp":1744405200000,"temperature_celsius":13.98,"temperature_fahrenheit":57.164,"humidity":66.0,"wind_speed":1.81,"weather_impact":53.939},{"timestamp":1744405200000,"temperature_celsius":13.75,"temperature_fahrenheit":56.75,"humidity":68.0,"wind_speed":1.8,"weather_impact":54.255},{"timestamp":1744416000000,"temperature_celsius":11.89,"temperature_fahrenheit":53.402,"humidity":63.128,"wind_speed":2.082,"weather_impact":49.74},{"timestamp":1744416000000,"temperature_celsius":11.89,"temperature_fahrenheit":53.402,"humidity":63.128,"wind_speed":2.082,"weather_impact":49.74},{"timestamp":1744416000000,"temperature_celsius":12.05,"temperature_fahrenheit":53.69,"humidity":79.0,"wind_speed":2.082,"weather_impact":57.319},{"timestamp":1744416000000,"temperature_celsius":11.89,"temperature_fahrenheit":53.402,"humidity":79.0,"wind_speed":1.28,"weather_impact":51.424},{"timestamp":1744426800000,"temperature_celsius":12.851,"temperature_fahrenheit":51.206,"humidity":80.0,"wind_speed":1.6,"weather_impact":56.279},{"timestamp":1744426800000,"temperature_celsius":10.5,"temperature_fahrenheit":50.9,"humidity":63.128,"wind_speed":2.082,"weather_impact":46.568},{"timestamp":1744426800000,"temperature_celsius":10.5,"temperature_fahrenheit":50.9,"humidity":76.0,"wind_speed":1.78,"weather_impact":50.337},{"timestamp":1744426800000,"temperature_celsius":10.5,"temperature_fahrenheit":50.9,"humidity":63.128,"wind_speed":2.082,"weather_impact":46.568},{"timestamp":1744437600000,"temperature_celsius":9.67,"temperature_fahrenheit":49.406,"humidity":63.128,"wind_speed":2.082,"weather_impact":44.674},{"timestamp":1744437600000,"temperature_celsius":9.67,"temperature_fahrenheit":49.406,"humidity":74.0,"wind_speed":2.25,"weather_impact":50.776},{"timestamp":1744437600000,"temperature_celsius":9.94,"temperature_fahrenheit":49.892,"humidity":69.0,"wind_speed":1.63,"weather_impact":44.843},{"timestamp":1744437600000,"temperature_celsius":9.67,"temperature_fahrenheit":49.406,"humidity":63.128,"wind_speed":2.082,"weather_impact":44.674},{"timestamp":1744448400000,"temperature_celsius":15.25,"temperature_fahrenheit":59.45,"humidity":50.0,"wind_speed":2.57,"weather_impact":54.806},{"timestamp":1744448400000,"temperature_celsius":14.54,"temperature_fahrenheit":58.172,"humidity":63.128,"wind_speed":2.082,"weather_impact":55.787},{"timestamp":1744448400000,"temperature_celsius":14.54,"temperature_fahrenheit":58.172,"humidity":63.128,"wind_speed":2.082,"weather_impact":55.787},{"timestamp":1744448400000,"temperature_celsius":14.54,"temperature_fahrenheit":58.172,"humidity":55.0,"wind_speed":3.74,"weather_impact":63.527},{"timestamp":1744459200000,"temperature_celsius":18.89,"temperature_fahrenheit":66.002,"humidity":63.128,"wind_speed":2.082,"weather_impact":65.713},{"timestamp":1744459200000,"temperature_celsius":18.89,"temperature_fahrenheit":66.002,"humidity":38.0,"wind_speed":4.34,"weather_impact":69.864},{"timestamp":1744459200000,"temperature_celsius":18.89,"temperature_fahrenheit":66.002,"humidity":63.128,"wind_speed":2.082,"weather_impact":65.713},{"timestamp":1744459200000,"temperature_celsius":19.39,"temperature_fahrenheit":66.902,"humidity":41.0,"wind_speed":3.64,"weather_impact":67.541},{"timestamp":1744470000000,"temperature_celsius":18.61,"temperature_fahrenheit":65.498,"humidity":63.128,"wind_speed":2.082,"weather_impact":65.074},{"timestamp":1744470000000,"temperature_celsius":18.61,"temperature_fahrenheit":65.498,"humidity":45.0,"wind_speed":2.082,"weather_impact":56.834},{"timestamp":1744470000000,"temperature_celsius":18.61,"temperature_fahrenheit":65.498,"humidity":63.128,"wind_speed":2.082,"weather_impact":65.074},{"timestamp":1744470000000,"temperature_celsius":20.2,"temperature_fahrenheit":55.079,"humidity":39.0,"wind_speed":4.45,"weather_impact":74.066},{"timestamp":1744480800000,"temperature_celsius":16.1,"temperature_fahrenheit":60.98,"humidity":61.0,"wind_speed":2.92,"weather_impact":64.159},{"timestamp":1744480800000,"temperature_celsius":16.1,"temperature_fahrenheit":60.98,"humidity":63.128,"wind_speed":2.082,"weather_impact":59.346},{"timestamp":1744480800000,"temperature_celsius":16.1,"temperature_fahrenheit":60.98,"humidity":63.128,"wind_speed":2.082,"weather_impact":59.346},{"timestamp":1744480800000,"temperature_celsius":17.71,"temperature_fahrenheit":63.878,"humidity":54.0,"wind_speed":2.59,"weather_impact":62.375},{"timestamp":1744491600000,"temperature_celsius":12.89,"temperature_fahrenheit":55.202,"humidity":91.0,"wind_speed":3.21,"weather_impact":72.471},{"timestamp":1744491600000,"temperature_celsius":12.89,"temperature_fahrenheit":55.202,"humidity":63.128,"wind_speed":2.082,"weather_impact":52.022},{"timestamp":1744491600000,"temperature_celsius":12.89,"temperature_fahrenheit":55.202,"humidity":63.128,"wind_speed":2.082,"weather_impact":52.022},{"timestamp":1744491600000,"temperature_celsius":15.07,"temperature_fahrenheit":59.126,"humidity":67.0,"wind_speed":1.43,"weather_impact":54.26},{"timestamp":1744502400000,"temperature_celsius":12.28,"temperature_fahrenheit":54.104,"humidity":63.128,"wind_speed":2.082,"weather_impact":50.63},{"timestamp":1744502400000,"temperature_celsius":12.28,"temperature_fahrenheit":54.104,"humidity":63.128,"wind_speed":2.082,"weather_impact":50.63},{"timestamp":1744502400000,"temperature_celsius":12.28,"temperature_fahrenheit":54.104,"humidity":94.0,"wind_speed":3.42,"weather_impact":73.891},{"timestamp":1744502400000,"temperature_celsius":13.59,"temperature_fahrenheit":56.462,"humidity":81.0,"wind_speed":1.97,"weather_impact":60.971},{"timestamp":1744513200000,"temperature_celsius":10.13,"temperature_fahrenheit":50.234,"humidity":63.128,"wind_speed":2.082,"weather_impact":45.724},{"timestamp":1744513200000,"temperature_celsius":10.13,"temperature_fahrenheit":50.234,"humidity":92.0,"wind_speed":3.13,"weather_impact":66.076},{"timestamp":1744513200000,"temperature_celsius":10.13,"temperature_fahrenheit":50.234,"humidity":63.128,"wind_speed":2.082,"weather_impact":45.724},{"timestamp":1744513200000,"temperature_celsius":12.7,"temperature_fahrenheit":54.86,"humidity":63.128,"wind_speed":1.37,"weather_impact":46.679},{"timestamp":1744524000000,"temperature_celsius":9.27,"temperature_fahrenheit":48.686,"humidity":63.128,"wind_speed":2.082,"weather_impact":43.762},{"timestamp":1744524000000,"temperature_celsius":9.27,"temperature_fahrenheit":48.686,"humidity":90.0,"wind_speed":3.57,"weather_impact":66.239},{"timestamp":1744524000000,"temperature_celsius":9.27,"temperature_fahrenheit":48.686,"humidity":63.128,"wind_speed":2.082,"weather_impact":43.762},{"timestamp":1744524000000,"temperature_celsius":11.87,"temperature_fahrenheit":53.366,"humidity":95.0,"wind_speed":2.56,"weather_impact":67.479},{"timestamp":1744534800000,"temperature_celsius":13.1,"temperature_fahrenheit":55.58,"humidity":63.128,"wind_speed":2.082,"weather_impact":52.501},{"timestamp":1744534800000,"temperature_celsius":13.1,"temperature_fahrenheit":55.58,"humidity":72.0,"wind_speed":2.082,"weather_impact":56.534},{"timestamp":1744534800000,"temperature_celsius":12.13,"temperature_fahrenheit":53.834,"humidity":88.0,"wind_speed":4.37,"weather_impact":77.373},{"timestamp":1744534800000,"temperature_celsius":13.1,"temperature_fahrenheit":55.58,"humidity":63.128,"wind_speed":2.082,"weather_impact":52.501},{"timestamp":1744545600000,"temperature_celsius":11.59,"temperature_fahrenheit":52.862,"humidity":88.0,"wind_speed":3.63,"weather_impact":71.038},{"timestamp":1744545600000,"temperature_celsius":16.75,"temperature_fahrenheit":62.15,"humidity":41.0,"wind_speed":2.082,"weather_impact":50.771},{"timestamp":1744545600000,"temperature_celsius":16.75,"temperature_fahrenheit":62.15,"humidity":63.128,"wind_speed":2.082,"weather_impact":60.829},{"timestamp":1744545600000,"temperature_celsius":16.75,"temperature_fahrenheit":62.15,"humidity":63.128,"wind_speed":2.082,"weather_impact":60.829},{"timestamp":1744556400000,"temperature_celsius":14.85,"temperature_fahrenheit":58.73,"humidity":63.128,"wind_speed":2.082,"weather_impact":56.494},{"timestamp":1744556400000,"temperature_celsius":14.01,"temperature_fahrenheit":57.218,"humidity":71.0,"wind_speed":2.082,"weather_impact":58.155},{"timestamp":1744556400000,"temperature_celsius":14.85,"temperature_fahrenheit":58.73,"humidity":55.0,"wind_speed":4.05,"weather_impact":66.373},{"timestamp":1744556400000,"temperature_celsius":14.85,"temperature_fahrenheit":58.73,"humidity":63.128,"wind_speed":2.082,"weather_impact":56.494},{"timestamp":1744567200000,"temperature_celsius":13.81,"temperature_fahrenheit":56.858,"humidity":63.128,"wind_speed":2.082,"weather_impact":54.121},{"timestamp":1744567200000,"temperature_celsius":13.81,"temperature_fahrenheit":56.858,"humidity":63.128,"wind_speed":2.082,"weather_impact":54.121},{"timestamp":1744567200000,"temperature_celsius":13.81,"temperature_fahrenheit":56.858,"humidity":57.0,"wind_speed":3.6,"weather_impact":61.805},{"timestamp":1744567200000,"temperature_celsius":12.1,"temperature_fahrenheit":53.78,"humidity":75.0,"wind_speed":3.68,"weather_impact":66.637},{"timestamp":1744578000000,"temperature_celsius":11.21,"temperature_fahrenheit":52.178,"humidity":66.0,"wind_speed":2.88,"weather_impact":54.998},{"timestamp":1744578000000,"temperature_celsius":11.21,"temperature_fahrenheit":52.178,"humidity":63.128,"wind_speed":2.082,"weather_impact":48.188},{"timestamp":1744578000000,"temperature_celsius":11.21,"temperature_fahrenheit":52.178,"humidity":63.128,"wind_speed":2.082,"weather_impact":48.188},{"timestamp":1744578000000,"temperature_celsius":12.851,"temperature_fahrenheit":49.424,"humidity":82.0,"wind_speed":1.95,"weather_impact":59.602},{"timestamp":1744588800000,"temperature_celsius":8.16,"temperature_fahrenheit":46.688,"humidity":83.0,"wind_speed":1.52,"weather_impact":46.386},{"timestamp":1744588800000,"temperature_celsius":9.22,"temperature_fahrenheit":48.596,"humidity":63.128,"wind_speed":2.082,"weather_impact":43.647},{"timestamp":1744588800000,"temperature_celsius":9.22,"temperature_fahrenheit":48.596,"humidity":63.128,"wind_speed":2.082,"weather_impact":43.647},{"timestamp":1744588800000,"temperature_celsius":9.22,"temperature_fahrenheit":48.596,"humidity":70.0,"wind_speed":1.76,"weather_impact":44.551},{"timestamp":1744599600000,"temperature_celsius":8.25,"temperature_fahrenheit":46.85,"humidity":63.128,"wind_speed":2.082,"weather_impact":41.434},{"timestamp":1744599600000,"temperature_celsius":8.25,"temperature_fahrenheit":46.85,"humidity":73.0,"wind_speed":0.9,"weather_impact":37.771},{"timestamp":1744599600000,"temperature_celsius":8.25,"temperature_fahrenheit":46.85,"humidity":63.128,"wind_speed":2.082,"weather_impact":41.434},{"timestamp":1744599600000,"temperature_celsius":7.14,"temperature_fahrenheit":44.852,"humidity":74.0,"wind_speed":1.37,"weather_impact":38.934},{"timestamp":1744610400000,"temperature_celsius":8.0,"temperature_fahrenheit":46.4,"humidity":63.128,"wind_speed":2.082,"weather_impact":40.864},{"timestamp":1744610400000,"temperature_celsius":8.0,"temperature_fahrenheit":46.4,"humidity":69.0,"wind_speed":0.85,"weather_impact":35.037},{"timestamp":1744610400000,"temperature_celsius":8.0,"temperature_fahrenheit":46.4,"humidity":63.128,"wind_speed":2.082,"weather_impact":40.864},{"timestamp":1744610400000,"temperature_celsius":7.04,"temperature_fahrenheit":44.672,"humidity":70.0,"wind_speed":0.9,"weather_impact":33.646},{"timestamp":1744621200000,"temperature_celsius":11.55,"temperature_fahrenheit":52.79,"humidity":53.0,"wind_speed":0.9,"weather_impact":36.21},{"timestamp":1744621200000,"temperature_celsius":11.55,"temperature_fahrenheit":52.79,"humidity":63.128,"wind_speed":2.082,"weather_impact":48.964},{"timestamp":1744621200000,"temperature_celsius":10.24,"temperature_fahrenheit":55.079,"humidity":54.0,"wind_speed":1.5,"weather_impact":37.813},{"timestamp":1744621200000,"temperature_celsius":11.55,"temperature_fahrenheit":52.79,"humidity":63.128,"wind_speed":2.082,"weather_impact":48.964},{"timestamp":1744632000000,"temperature_celsius":15.46,"temperature_fahrenheit":59.828,"humidity":63.128,"wind_speed":2.082,"weather_impact":57.886},{"timestamp":1744632000000,"temperature_celsius":15.46,"temperature_fahrenheit":59.828,"humidity":63.128,"wind_speed":2.082,"weather_impact":57.886},{"timestamp":1744632000000,"temperature_celsius":15.46,"temperature_fahrenheit":59.828,"humidity":37.0,"wind_speed":0.44,"weather_impact":34.686},{"timestamp":1744632000000,"temperature_celsius":14.22,"temperature_fahrenheit":57.596,"humidity":40.0,"wind_speed":1.79,"weather_impact":42.531},{"timestamp":1744642800000,"temperature_celsius":16.63,"temperature_fahrenheit":61.934,"humidity":63.128,"wind_speed":2.082,"weather_impact":60.556},{"timestamp":1744642800000,"temperature_celsius":15.66,"temperature_fahrenheit":60.188,"humidity":37.0,"wind_speed":2.6,"weather_impact":50.039},{"timestamp":1744642800000,"temperature_celsius":16.63,"temperature_fahrenheit":61.934,"humidity":33.0,"wind_speed":1.19,"weather_impact":40.71},{"timestamp":1744642800000,"temperature_celsius":16.63,"temperature_fahrenheit":61.934,"humidity":63.128,"wind_speed":2.082,"weather_impact":60.556},{"timestamp":1744653600000,"temperature_celsius":15.36,"temperature_fahrenheit":59.648,"humidity":38.0,"wind_speed":1.27,"weather_impact":40.637},{"timestamp":1744653600000,"temperature_celsius":15.36,"temperature_fahrenheit":59.648,"humidity":63.128,"wind_speed":2.082,"weather_impact":57.658},{"timestamp":1744653600000,"temperature_celsius":15.36,"temperature_fahrenheit":59.648,"humidity":63.128,"wind_speed":2.082,"weather_impact":57.658},{"timestamp":1744664400000,"temperature_celsius":12.5,"temperature_fahrenheit":54.5,"humidity":62.0,"wind_speed":1.45,"weather_impact":46.261},{"timestamp":1744664400000,"temperature_celsius":12.5,"temperature_fahrenheit":54.5,"humidity":63.128,"wind_speed":2.082,"weather_impact":51.132},{"timestamp":1744664400000,"temperature_celsius":12.5,"temperature_fahrenheit":54.5,"humidity":63.128,"wind_speed":2.082,"weather_impact":51.132},{"timestamp":1744675200000,"temperature_celsius":11.4,"temperature_fahrenheit":52.52,"humidity":64.0,"wind_speed":1.42,"weather_impact":44.453},{"timestamp":1744675200000,"temperature_celsius":11.4,"temperature_fahrenheit":52.52,"humidity":63.128,"wind_speed":2.082,"weather_impact":48.622},{"timestamp":1744675200000,"temperature_celsius":11.4,"temperature_fahrenheit":52.52,"humidity":63.128,"wind_speed":2.082,"weather_impact":48.622},{"timestamp":1744686000000,"temperature_celsius":10.7,"temperature_fahrenheit":51.26,"humidity":63.128,"wind_speed":2.082,"weather_impact":47.025},{"timestamp":1744686000000,"temperature_celsius":10.7,"temperature_fahrenheit":51.26,"humidity":66.0,"wind_speed":0.76,"weather_impact":39.214},{"timestamp":1744686000000,"temperature_celsius":10.7,"temperature_fahrenheit":51.26,"humidity":63.128,"wind_speed":2.082,"weather_impact":47.025},{"timestamp":1744696800000,"temperature_celsius":10.26,"temperature_fahrenheit":50.468,"humidity":68.0,"wind_speed":0.1,"weather_impact":34.567},{"timestamp":1744696800000,"temperature_celsius":10.26,"temperature_fahrenheit":50.468,"humidity":63.128,"wind_speed":2.082,"weather_impact":46.021},{"timestamp":1744696800000,"temperature_celsius":10.26,"temperature_fahrenheit":50.468,"humidity":63.128,"wind_speed":2.082,"weather_impact":46.021},{"timestamp":1744707600000,"temperature_celsius":11.56,"temperature_fahrenheit":52.808,"humidity":63.128,"wind_speed":2.082,"weather_impact":48.987},{"timestamp":1744707600000,"temperature_celsius":11.56,"temperature_fahrenheit":52.808,"humidity":58.0,"wind_speed":1.85,"weather_impact":45.057},{"timestamp":1744707600000,"temperature_celsius":11.56,"temperature_fahrenheit":52.808,"humidity":63.128,"wind_speed":2.082,"weather_impact":48.987}]