[
    {
        "timestamp": "2025-04-10 12:00:00",
        "temperature_celsius": 11.75,
        "temperature_fahrenheit": 53.15
    },
    {
        "timestamp": "2025-04-10 15:00:00",
        "temperature_celsius": 12.88,
        "temperature_fahrenheit": 55.184
    },
    {
        "timestamp": "2025-04-10 18:00:00",
        "temperature_celsius": 13.24,
        "temperature_fahrenheit": 55.832
    },
    {
        "timestamp": "2025-04-10 21:00:00",
        "temperature_celsius": 11.06,
        "temperature_fahrenheit": 51.908
    },
    {
        "timestamp": "2025-04-11 00:00:00",
        "temperature_celsius": 7.68,
        "temperature_fahrenheit": 45.824
    },
    {
        "timestamp": "2025-04-11 03:00:00",
        "temperature_celsius": 9.5,
        "temperature_fahrenheit": 49.1
    },
    {
        "timestamp": "2025-04-11 06:00:00",
        "temperature_celsius": 8.98,
        "temperature_fahrenheit": 48.164
    },
    {
        "timestamp": "2025-04-11 09:00:00",
        "temperature_celsius": 13.78,
        "temperature_fahrenheit": 56.804
    },
    {
        "timestamp": "2025-04-11 12:00:00",
        "temperature_celsius": 18.43,
        "temperature_fahrenheit": 65.174
    },
    {
        "timestamp": "2025-04-11 15:00:00",
        "temperature_celsius": 20.41,
        "temperature_fahrenheit": 68.738
    },
    {
        "timestamp": "2025-04-11 18:00:00",
        "temperature_celsius": 18.37,
        "temperature_fahrenheit": 65.066
    },
    {
        "timestamp": "2025-04-11 21:00:00",
        "temperature_celsius": 13.75,
        "temperature_fahrenheit": 56.75
    },
    {
        "timestamp": "2025-04-12 00:00:00",
        "temperature_celsius": 11.89,
        "temperature_fahrenheit": 53.402
    },
    {
        "timestamp": "2025-04-12 03:00:00",
        "temperature_celsius": 10.5,
        "temperature_fahrenheit": 50.9
    },
    {
        "timestamp": "2025-04-12 06:00:00",
        "temperature_celsius": 9.67,
        "temperature_fahrenheit": 49.406
    },
    {
        "timestamp": "2025-04-12 09:00:00",
        "temperature_celsius": 14.54,
        "temperature_fahrenheit": 58.172
    },
    {
        "timestamp": "2025-04-12 12:00:00",
        "temperature_celsius": 18.89,
        "temperature_fahrenheit": 66.002
    },
    {
        "timestamp": "2025-04-12 15:00:00",
        "temperature_celsius": 18.61,
        "temperature_fahrenheit": 65.498
    },
    {
        "timestamp": "2025-04-12 18:00:00",
        "temperature_celsius": 16.1,
        "temperature_fahrenheit": 60.980000000000004
    },
    {
        "timestamp": "2025-04-12 21:00:00",
        "temperature_celsius": 12.89,
        "temperature_fahrenheit": 55.202
    },
    {
        "timestamp": "2025-04-13 00:00:00",
        "temperature_celsius": 12.28,
        "temperature_fahrenheit": 54.104
    },
    {
        "timestamp": "2025-04-13 03:00:00",
        "temperature_celsius": 10.13,
        "temperature_fahrenheit": 50.234
    },
    {
        "timestamp": "2025-04-13 06:00:00",
        "temperature_celsius": 9.27,
        "temperature_fahrenheit": 48.686
    },
    {
        "timestamp": "2025-04-13 09:00:00",
        "temperature_celsius": 13.1,
        "temperature_fahrenheit": 55.58
    },
    {
        "timestamp": "2025-04-13 12:00:00",
        "temperature_celsius": 16.75,
        "temperature_fahrenheit": 62.15
    },
    {
        "timestamp": "2025-04-13 15:00:00",
        "temperature_celsius": 14.85,
        "temperature_fahrenheit": 58.730000000000004
    },
    {
        "timestamp": "2025-04-13 18:00:00",
        "temperature_celsius": 13.81,
        "temperature_fahrenheit": 56.858000000000004
    },
    {
        "timestamp": "2025-04-13 21:00:00",
        "temperature_celsius": 11.21,
        "temperature_fahrenheit": 52.178000000000004
    },
    {
        "timestamp": "2025-04-14 00:00:00",
        "temperature_celsius": 9.22,
        "temperature_fahrenheit": 48.596000000000004
    },
    {
        "timestamp": "2025-04-14 03:00:00",
        "temperature_celsius": 8.25,
        "temperature_fahrenheit": 46.85
    },
    {
        "timestamp": "2025-04-14 06:00:00",
        "temperature_celsius": 8,
        "temperature_fahrenheit": 46.4
    },
    {
        "timestamp": "2025-04-14 09:00:00",
        "temperature_celsius": 11.55,
        "temperature_fahrenheit": 52.79
    },
    {
        "timestamp": "2025-04-14 12:00:00",
        "temperature_celsius": 15.46,
        "temperature_fahrenheit": 59.828
    },
    {
        "timestamp": "2025-04-14 15:00:00",
        "temperature_celsius": 16.63,
        "temperature_fahrenheit": 61.934
    },
    {
        "timestamp": "2025-04-14 18:00:00",
        "temperature_celsius": 15.36,
        "temperature_fahrenheit": 59.648
    },
    {
        "timestamp": "2025-04-14 21:00:00",
        "temperature_celsius": 12.5,
        "temperature_fahrenheit": 54.5
    },
    {
        "timestamp": "2025-04-15 00:00:00",
        "temperature_celsius": 11.4,
        "temperature_fahrenheit": 52.52
    },
    {
        "timestamp": "2025-04-15 03:00:00",
        "temperature_celsius": 10.7,
        "temperature_fahrenheit": 51.26
    },
    {
        "timestamp": "2025-04-15 06:00:00",
        "temperature_celsius": 10.26,
        "temperature_fahrenheit": 50.468
    },
    {
        "timestamp": "2025-04-15 09:00:00",
        "temperature_celsius": 11.56,
        "temperature_fahrenheit": 52.808
    }
]